Sentence,Person,True_sentiment
There's nothing to tell! He's just some guy I work with!,Monica,Neutral
All right Joey be nice So does he have a hump? A hump and a hairpiece?,Chandler,Neutral
Just 'cause I don't want her to go through what I went through with Carl oh!,Phoebe,Positive
All of a sudden the phone starts to ring Now I don't know what to do everybody starts looking at me,Chandler,Neutral
Finally I figure I'd better answer it and it turns out it's my mother which is veryvery weird because she never calls me!,Chandler,Negative
I just feel like someone reached down my throat grabbed my small intestine pulled it out of my mouth and tied it around my neck,Ross,Negative
Ooh! Oh! She starts to pluck at the air just in front of Ross,Phoebe,Neutral
Sometimes I wish I was a lesbian They all stare at him Did I say that out loud?,Chandler,Neutral
Oh really so that hysterical phone call I got from a woman at sobbing,Monica,Negative
Alright Ross look You're feeling a lot of pain right now You're angry You're hurting Can I tell you what the answer is?,Joey,Negative
And I just want a million dollars! He extends his hand hopefully,Chandler,Neutral
Oh God Monica hi! Thank God! I just went to your building and you weren't there and then this guy with a big hammer said you might be here and you are you are!,Rachel,Positive
Decaff Okay everybody this is Rachel another Lincoln High survivor This is everybody this is Chandler and Phoebe and Joey and you remember my brother Ross?,Monica,Neutral
So you wanna tell us now or are we waiting for four wet bridesmaids?,Monica,Neutral
Now I'm guessing that he bought her the big pipe organ and she's really not happy about it,Monica,Negative
Well I guess we've established who's staying here with Monica,Monica,Neutral
Just breathe breathe that's it Just try to think of nice calm things,Monica,Positive
Okay look this is probably for the best y'know? Independence Taking control of your life The whole 'hat' thing,Monica,Positive
Joey stop hitting on her! It's her wedding day!,Monica,Negative
Please don't do that again it's a horrible sound,Chandler,Negative
Hi come in! Paul this is They are all lined up next to the door everybody everybody this is Paul,Monica,Neutral
I'm sorry I didn't catch your name Paul was it?,Chandler,Neutral
Ooh I just pulled out four eyelashes That can't be good,Phoebe,Negative
Well I was kinda supposed to be headed for Aruba on my honeymoon so nothing!,Rachel,Negative
Heyheyheyhey if you're gonna start with that stuff we're outta here,Joey,Negative
Ross let me ask you a question She got the furniture the stereo the good TV what did you get?,Joey,Neutral
I know I know I'm such an idiot I guess I should have caught on when she started going to the dentist four and five times a week I mean how clean can teeth get?,Paul,Negative
Well you might try accidentally breaking something valuable of hers say her,Paul,Negative
Barry I'm sorry I am so sorry I know you probably think that this is all about what I said the other day about you making love with your socks on but it isn't it isn't it's about me and I ju She stops talking and dials the phone Hi machine cut me off again anywaylook look I know that some girl is going to be incredibly lucky to become Mrs Barry Finkel but it isn't me it's not me And not that I have any idea who me is right now but you just have to give me a chance too,Rachel,Negative
You know what the scariest part is? What if there's only one woman for everybody y'know? I mean what if you get one woman and that's it? Unfortunately in my case there was only one woman for her,Ross,Negative
No it's it's more of a fifth date kinda revelation,Paul,Neutral
Well everev ever since she left me um I haven't been able to uh perform Sexually,Paul,Negative
So you still think you um might want that fifth date?,Paul,Neutral
Grab a spoon Do you know how long it's been since I've grabbed a spoon? Do the words 'Billy don't be a hero' mean anything to you?,Ross,Neutral
Y'know here's the thing Even if I could get it together enough to to ask a woman out who am I gonna ask? He gazes out of the window,Ross,Negative
Y'know I figure if I can make coffee there isn't anything I can't do,Rachel,Positive
Listen while you're on a roll if you feel like you gotta make like a Western omelet or something Joey and Chandler taste the coffee grimace and pour it into a plant pot Although actually I'm really not that hungry,Joey,Neutral
No I'm telling you last night was like umm all my birthdays both graduations plus the barn raising scene in Witness,Paul,Positive
All right kids I gotta get to work If I don't input those numbers it doesn't make much of a difference,Chandler,Neutral
Yeah we all have jobs See that's how we buy stuff,Monica,Neutral
Oh wait wait unless you happened to catch the Reruns' production of Pinocchio at the little theater in the park,Monica,Neutral
"You're right I'm sorry Burst into song and dances out of the door ""Once I was a wooden boy a little wooden boy""",Chandler,Positive
So how you doing today? Did you sleep okay? Talk to Barry? I can't stop smiling,Monica,Positive
I know he's just so so Do you remember you and Tony DeMarco?,Monica,Neutral
I think we are getting a little ahead of selves here Okay Okay I am just going to get up go to work and not think about him all day Or else I'm just gonna get up and go to work,Monica,Neutral
Oh I hate you I'm pushing my Aunt Roz through Parrot Jungle and you're having sex! So? Who?,Frannie,Negative
Are you kidding? I take credit for Paul Y'know before me there was no snap in his turtle for two years,Frannie,Positive
Why?! Why? Why why would anybody do something like that?,Monica,Negative
Is it me? Is it like I have some sort of beacon that only dogs and men with severe emotional problems can hear?,Monica,Negative
Are you kidding? I'm trained for nothing! I was laughed out of twelve interviews today,Rachel,Negative
You would be too if you found John and David boots on sale fifty percent off!,Rachel,Neutral
They're my new 'I don't need a job I don't need my parents I've got great boots' boots!,Rachel,Positive
C'mon you can't live off your parents your whole life,Monica,Neutral
Give her a break it's hard being on your own for the first time,Phoebe,Positive
You're welcome I remember when I first came to this city I was fourteen My mom had just killed herself and my stepdad was back in prison and I got here and I didn't know anybody And I ended up living with this albino guy who was like cleaning windshields outside port authority and then he killed himself and then I found aromatherapy So believe me I know exactly how you feel,Phoebe,Negative
Come on you made coffee! You can do anything! Chandler slowly tries to hide the now dead plant from that morning when he and Joey poured their coffee into it,Ross,Positive
Welcome to the real world! It sucks You're gonna love it!,Monica,Neutral
That's Paul's watch You just put it back where you found it Oh boy Alright Goodnight everybody Ross and,Monica,Neutral
Okay You know you probably didn't know this but back in high school I had a um major crush on you,Ross,Positive
You did! Oh I always figured you just thought I was Monica's geeky older brother,Ross,Neutral
Oh Listen do you think and try not to let my intense vulnerability become any kind of a factor here but do you think it would be okay if I asked you out? Sometime? Maybe?,Ross,Positive
I just grabbed a spoon Ross exits and Monica has no idea what that means,Ross,Neutral
I said that you had a nice butt it's just not a great butt,Monica,Negative
Everything you need to know is in that first kiss,Rachel,Neutral
Yeah I think for us kissing is pretty much like an opening act y'know? I mean it's like the standup comedian you have to sit through before Pink Floyd comes out,Chandler,Neutral
The problem is though after the concert's over no matter how great the show was you girls are always looking for the comedian again y'know? I mean we're in the car we're fighting traffic basically just trying to stay awake,Chandler,Negative
He's out banging other women over the head with a club while she sits at home trying to get the mastodon smell out of the carpet!,Marsha,Negative
Ah well in here anyone who stands erect So what's new? Still uh,Ross,Neutral
Well you never know How's um how's the family?,Ross,Neutral
Oh uh that would be mine See I wrote a note to myself and then I realised I didn't need it so I balled it up and now I wish I was dead,Chandler,Negative
Look I'm sorry guys I just don't wanna give them any more ammunition than they already have,Monica,Neutral
Monica Hi! Um Monica you're scaring me I mean you're like you're like all chaotic and twirly And notnot in a good way,Phoebe,Negative
That's because as far as my parents are concerned Ross can do no wrong Y'see he's the Prince Apparently they had some big ceremony before I was born,Monica,Neutral
Easy Rach we'll find it Won't we! Chandler and,Monica,Neutral
I gave you one job! Starts to examin the lasagne through the bottom of the glass pan,Monica,Negative
Now Monica you know that's not how you look for an engagement ring in a lasagne,Chandler,Neutral
Kinda puts that whole pillow thing in perspective huh Mon?,Chandler,Neutral
Well Carol says she and Susan want me to be involved but if I'm not comfortable with it I don't have to be involved basically it's entirely up to me,Ross,Neutral
Anyway they want me to go down to this sonogram thing with them tomorrow,Ross,Neutral
I have no idea No matter what I do though I'm still gonna be a father,Ross,Positive
Oh Martha Ludwin's daughter is gonna call you Mmm! What's that curry taste?,Mrs Geller,Neutral
Do you remember the Ludwins? The big one had a thing for you didn't she? Mrs,Mr Geller,Neutral
Oh she just graduated and she wants to be something in cooking or food or I don't know Anyway I told her you had a restaurant,Mrs Geller,Neutral
Well they don't have to know that She starts to fluff the same pillow Monica fluffed multiple times earlier,Mrs Geller,Neutral
I know this is going to sound unbelievably selfish but were you planning on bringing up the whole baby/lesbian thing? Because I think it might take some of the heat off me Mrs,Monica,Negative
I'm not gonna tell you what they spent on that wedding but forty thousand dollars is a lot of money! Mrs,Mr Geller,Neutral
Look there are people like Ross who need to shoot for the stars with his museum and his papers getting published Other people are satisfied with staying where they are I'm telling you these are the people who never get cancer Mr,Mr Geller,Neutral
So Ross what's going on with you? Any stories? No news no little anecdotes to share with the folks?,Monica,Neutral
Well y'know these people are pros They know what they're doing they take their time they get the job done,Ross,Positive
All right you guys I kinda gotta clean up now They all start to leave,Rachel,Neutral
Well no although I did have an imaginary friend who my parents actually preferred,Chandler,Neutral
So got any advice? Y'know as someone who's recently been dumped?,Rachel,Neutral
Oh you've got Carol tomorrow When did it get so complicated?,Rachel,Neutral
Remember when we were in high school together?,Rachel,Neutral
I mean didn't you think you were just gonna meet somone fall in love and that'd be it? Ross?,Rachel,Negative
Sorry I'm late I was stuck at work There was this big dinosaur thing anyway,Ross,Neutral
Yeah! It's fine it's fine Robbie's gonna be here for hours,Barry,Positive
'S'funny um uh we agreed we'd spend the rest of our lives together Things change roll with the punches I believe Julia's on the table?,Ross,Neutral
And you've got lenses! But you hate sticking your finger in your eye!,Rachel,Neutral
Anyway um I guess this belongs to you And thank you for giving it to me,Rachel,Positive
Well wait a minute wha why is she in the title?,Ross,Neutral
Oh 's'funny really? Um I don't remember you making any sperm,Ross,Negative
Ross You're not actually suggesting Helen WillickBunchGeller? 'Cause I think that borders on child abuse,Carol,Negative
Oh no nonononono you see what he's doing? He knows noone's gonna say all those names so they'll wind up calling her Geller then he gets his way!,Susan,Negative
Well I was just wondering about the mothertobe but thanks for sharing Uh lie back,Dr Oberman,Neutral
I dunno but I think it's about to attack the Enterprise,Chandler,Neutral
Hi Mindy Hi itit's Rachel Yeah I'm fine II saw Barry today Oh yeah yeah hehe told me No no it's okay I hope you two are very happy I really do Oh oh and Mind y'know ifif everything works out and you guys end up getting married and having kids and everything I just hope they have his old hairline and your old nose Okay I know it was a cheap shot but I feel so much better now,Rachel,Negative
Um not so good He walked me to the subway and said 'We should do this again!',Phoebe,Neutral
What? He said 'we should do it again' that's good right?,Rachel,Neutral
Or 'You're such a nice guy' means 'I'm gonna be dating leatherwearing alcoholics and complaining about them to you',Chandler,Negative
Yeah it's like when you're a kid and your parents put your dog to sleep and they tell you it went off to live on some farm,Chandler,Negative
"""Warden in five minutes my pain will be over But you'll have to live with the knowledge that you sent an honest man to die""",Joey,Negative
"""I just wanna go back to my cell 'Cause in my cell I can smoke""",Joey,Neutral
Don't think of it as a cigarette Think of it as the thing that's been missing from your hand When you're holding it you feel right You feel complete,Chandler,Positive
Nah not so much Alright now we smoke Oh my God,Chandler,Neutral
Alright don't tell me don't tell me! Decaf cappucino for Joey Coffee black Late And an iced tea I'm getting pretty good at this!,Rachel,Positive
Yeah but if you spent it it would be like shopping!,Rachel,Neutral
Oh I can't believe you! You've been so good for three years!,Phoebe,Positive
Hold on a second alright? Just think about what you went through the last time you quit,Ross,Neutral
What are you talking about? We love Schhteve! Schhteve was schhexy! Sorry,Chandler,Positive
I mean why should I let them meet him? I mean I bring a guy home and within five minutes they're all over him I mean they're like coyotes picking off the weak members of the herd,Monica,Negative
I know I just wish that once I'd bring a guy home that they actually liked,Monica,Negative
Okay please be good please Just remember how much you all like me,Monica,Neutral
From the nursery rhyme 'There was a crooked man Who had a crooked smile Who lived in a shoe For a while',Phoebe,Neutral
What future boyfriends? Nono I th I think this could be y'know it,Rachel,Neutral
Oh yeah I'd marry him just for his David Hasselhof impression alone You know I'm gonna be doing that at parties right?,Chandler,Positive
I mean itit was like it was like he made us into a team,Rachel,Neutral
Can I ask you guys a question? D'you ever think that Alan is maybe sometimes,Monica,Neutral
Yeah it's his uh innate Alanness thatthatthat we adore,Ross,Positive
"Yes But I left in the Ys 'Cause y'know ""sometimes y"" Uh I also have something else for you",Phoebe,Neutral
No but would you like a thousand dollars and a football phone?,Phoebe,Neutral
Okay alright you buy me a soda and then we're even Okay?,Phoebe,Neutral
Well maybe it's a contest y'know? Like collect all five?,Chandler,Neutral
Well is it like a little annoying or is it like when Phoebe chews her hair?,Joey,Neutral
"""Indeed there isn't"" I should really get back to work",Rachel,Neutral
Ohhhohooohhh The hair comes out and the gloves come on,Rachel,Neutral
Waitwait we talking about the coyotes here? All right a cow got through!,Paula,Neutral
Honey you should always feel the thing Listen if that's how you feel about the guy Monica dump him!,Paula,Neutral
Hey y'know I have had it with you guys and your cancer and your emphysema and your heart disease The bottom line is smoking is cool and you know it,Chandler,Negative
Really? He does? Hey buddy what's up! Oh she told you about that huh Well yeah I have one now and then Well yeah now Well it's not that big well that's true Gee y'know noone noone's ever put it like that before Well okay thanks!,Chandler,Neutral
Ooh Lambchop How old is that sock? If I had a sock on my hand for thirty years it'd be talking too,Chandler,Neutral
Hey Pheebs you gonna have the rest of that PopTart? Pheebs?,Ross,Neutral
Even nicer when everyone gets to wear their underwear,Joey,Neutral
You know you let your guard down you start to really care about someone and I just I,Phoebe,Negative
Whowho wants fair? Y'know I just want things back Y'know the way they were,Ross,Negative
I don't care I don't care! Game's over! I'm weak! I've gotta smoke! I've gotta have the smoke!,Chandler,Negative
Okay okay If I were omnipotent for a day I would want um world peace no more hunger good things for the rainforestAnd bigger boobs!,Phoebe,Neutral
Uh if I were omnipotent for a day I'd make myself omnipotent forever,Chandler,Neutral
Hey if Little Joey's dead then I got no reason to live!,Joey,Negative
Well if you want you can stay with Rachel and me tonight,Monica,Positive
So I'm guessing you had an extra ticket and couldn't decide which one of you got to bring a date?,Ross,Neutral
Oh my God oh is today the twentieth October twentieth?,Ross,Neutral
Eleven days before Halloween all the good costumes are gone?,Chandler,Neutral
I remember the day I got my first pay check There was a cave in in one of the mines and eight people were killed,Phoebe,Negative
Oh my God! Rachel Leslie Kiki and Joanne all scream and hug each other,Rachel,Positive
Look at you in the apron You look like you're in a play,Joanne,Neutral
Well guess who my dad's making partner in his firm?,Joanne,Neutral
Leetch spots Messier in the crease there's the pass!,Joey,Neutral
Hey that woman's got an ass like Carol's! What? Thought we were trying to find stuff,Joey,Neutral
Well the biggest news is still you dumping Barry at the altar!,Kiki,Negative
I'm not! This is what I'm doing now I've got this job,Rachel,Neutral
Okay I'm not just waitressing I'm I um I write the specials on the specials board and uh and I uh I take the uh dead flowers out of the vase Oh and um sometimes Artelle lets me put the little chocolate blobbies on the cookies,Rachel,Neutral
Hey Rach How was it with your friends? Okay! How would you like some Tiki Death Punch? She pours the contents of the blender into some glasses,Monica,Positive
We thought since Phoebe was staying over tonight we'd have kinda like a slumber party thing We got some trashy magazines we got cookie dough we got Twister,Monica,Positive
Could you please tell me what this is in reference to? Yes hold on Um they say there's been some unusual activity on your account,Monica,Neutral
That is the unusual activity Look they just wanna see if you're okay,Monica,Neutral
Uh Rachel has left the building can you call back?,Monica,Neutral
No actually I was just saying it looks like we're not sitting together But now you mention it there was ice there that night It was the first frost,Ross,Neutral
You should feel great about yourself! You're doing this amazing independence thing!,Monica,Positive
Yeah right! See he gave up something but then he got those magic beans And then he woke up and there was this this big plant outside his window full of possibilities and stuff And he lived in a village and you live in the Village,Phoebe,Neutral
So what you're not the only one I mean half the time we don't know where we're going You've just gotta figure at some point it's all gonna come together and it's just gonna be unfloopy,Monica,Neutral
Okay but Monica what if what if it doesn't come together?,Rachel,Negative
Oh well 'cause you just I don't like this question,Phoebe,Negative
Get him! GET HIM! Get him! Get YESSS! Not laughing now are ya pal!,Ross,Negative
holds up her hand—she is on the phone It says to call this number if you're not completely satisfied with this candy bar Well I'm not completely satisfied,Receptionist,Negative
I'm so sorry you guys I didn't mean to bring you down,Rachel,Negative
Wait you're not 'GStephanopoulos?' Man my dad's gonna kill me!,Pizza Guy,Negative
Yeah This one goes across the street I must have given him yours Oh bonehead bonehead!,Pizza Guy,Negative
Are you nuts?! We've got George Stephanopoulos' pizza! Rachel pays him Monica grabs some binoculars and runs to the window,Monica,Neutral
Oh I wanna see! Lemme see! Lemme see! She runs up and takes the binoculars,Phoebe,Positive
White House adviser? Clinton's campaign guy? The one with the great hair sexy smile really cute butt?,Monica,Neutral
Oh wait she's walking across the floor she's walking she's walking she's going for the pizza Hey that's not for you bitch!,Phoebe,Negative
Yeah I think you have to draw him out And then when you do he's a preppy animal,Monica,Neutral
Yes the moon the glow the magical feeling you did this part Could I get some painkillers over here please?,Chandler,Neutral
Little louder okay I think there's a man on the twelfth floor in a coma that didn't quite hear you,Ross,Neutral
My first time with Carol was He mumbles the last part,Ross,Neutral
So in your whole life you've only been with one——oh,Chandler,Neutral
Okay Okay I got one Do you remember that vegetarian pate that I made that you loved so much?,Monica,Positive
Really Well at least 'big girls' don't pee in their pants in seventh grade!,Monica,Negative
Man Can you believe he's only had sex with one woman?,Joey,Neutral
Fun? Where was the fun? Tell me specifically which part was the fun part? Where's my puck?,Ross,Negative
Nooo! She grabs the phone and Chandler takes her place on the mat Hello? Oh yeah no I know II haven't been using it much Oh well thanks but I'm okay really,Rachel,Neutral
Not that big a deal? It's amazing Ok you just reach in there there's one little maneuver and bam a bra right out the sleeve All right as far as I'm concerned there is nothing a guy can do that even comes close Am I right?,Ross,Positive
Oh ok you know what I don't get? The way guys can do so many mean things and then not even care,Phoebe,Negative
So Saturday night the big night date night Saturday night Saturday night!,Chandler,Positive
No I know but it's just so hard you know? I mean you're sitting there with her she has no idea what's happening and then you finally get up the courage to do it and there's the horrible awkward moment when you've handed her the note,Chandler,Negative
No I mean you break up with Janice and I'll break up with Tony,Phoebe,Neutral
"Oh yeah yeah Actually I got the extended disco version with three choruses of ""You'll never make it on your own""",Rachel,Neutral
Wow being dumped by you obviously agrees with her,Monica,Negative
No yeah no ok but not yet I don't wanna seem too eager One Mississippi two Mississippi three Mississippi That seems pretty cool he walks over to her Hey Angela,Joey,Neutral
Oh big glamour night Me and Monica at Laundorama,Rachel,Neutral
Don't you have a laundry room in your building?,Rachel,Neutral
Come on we were great together And not just at the fun stuff but like talking too,Joey,Positive
Fine fine so why don't the four of us go out and have dinner together tonight? You know as friends?,Joey,Positive
You know you and Bob and me and my girlfriend uh uh Monica,Joey,Neutral
Forget it Not after your cousin who could belch the alphabet,Monica,Neutral
What's going on here? You go out with tons of girls,Monica,Neutral
Ok bye Well Monica's not coming it's just gonna be me and Rachel,Ross,Neutral
So what're you saying here? I should shave again pick up some wine what?,Ross,Neutral
Ok ok now what is wrong with my Snuggles? What it says I'm a sensitive warm kinda guy you know like a warm fuzzy bear Ok I can pick something else up on the way,Ross,Neutral
Thank you So what does this Bob guy look like? Is he tall? Short?,Monica,Neutral
Oh my god Joey for all we know this guy could be horribly,Monica,Neutral
This is nice We never do anything just the two of us,Phoebe,Positive
Oh my god I am so glad you called me I had the most supremely awful day,Janice,Negative
Hi uh nothing That horrible woman just took my machine,Rachel,Negative
Uh well don't worry I'll use the gentle cycle Ok um basically you wanna use one machine for all your whites a whole nother machine for colors and a third for your uh your uh delicates and that would be your bras and your underpanty things,Ross,Neutral
You're a lucky man You know what I miss the most about her? That cute nibbly noise when she eats Like a happy little squirrel or a weasel,Joey,Neutral
Yeah but it's not gonna last She's too much for me in bed Sexually,Joey,Negative
Janice Hi Janice Ok here we go I don't think we should go out anymore Janice,Chandler,Negative
Ok I know this is gonna sound really stupid but I feel that if I can do this you know if I can actually do my own laundry there isn't anything I can't do,Rachel,Positive
Except it didn't It happened to me Oh god I'm gonna look like a big marshmallow peep What am I doing? What am I doing? My father's right I can't live on my own! I can't even do laundry!,Rachel,Negative
Hello! Were we at the same table? It's like cocktails in Appalachia,Monica,Neutral
Joey this is sick it's disgusting it's it's—not really true is it?,Monica,Negative
Uh waiter one more plate of chicken wings over here,Joey,Neutral
Ow Um it's just my lens It's just my lens I'll be right back,Janice,Neutral
Chandler easy easy Go to your happy place La la la la la la la,Phoebe,Positive
You got the clothes clean Now that's the important part,Ross,Positive
I'm sorry you know maybe I wasn't being clear Uh this is our cart,Rachel,Neutral
All right listen missy If you want this cart you're gonna have to take me with it!,Rachel,Neutral
You were incredible! Brand new woman ladies and gentlemen,Ross,Positive
Ok um uh more clothes in the dryer? Ross turns and bangs his head on an open dryer door I'm fine I'm fine,Ross,Neutral
What a beautiful story Hey I'm fine by the way,Ross,Neutral
Ooh! Look! Look! Look! Look there's Joey's picture! This is so exciting!,Rachel,Positive
The exclamation point in the title scares me Y'know it's not just Freud it's Freud!,Phoebe,Neutral
There's a beautiful woman at eight nine ten o'clock!,Chandler,Neutral
She's amazing! She makes the women that I dream about look like short fat bald men!,Chandler,Positive
Oh yeah and what would my opening line be? 'Excuse me Blarrglarrghh',Chandler,Neutral
Oh please could she be more out of my league? Ross back me up here,Chandler,Negative
C'mon you guys it wasn't that bad It was better than that thing I did with the trolls at least you got to see my head,Joey,Neutral
She said yes!! She said yes!! Awful play man Whoah Her name's Aurora and she's Italian and she pronounces my name 'Chandlrr' 'Chandlrr' I think I like it better that way Oh listen the usher gave me this to give to you,Chandler,Positive
The Estelle Leonard Talent Agency Wow an agency left me its card! Maybe they wanna sign me!,Joey,Positive
No 'cause this line is passion and this is just a line,Phoebe,Neutral
Alright Once I got on the subway right and it was at night and I rode it all the way to Brooklyn just for the hell of it,Chandler,Neutral
Don't worry I imagine he'd be okay with you because really he's okay with Ethan,Aurora,Neutral
So explain something to me here uh what kind of a relationship do you imagine us having if you already have a husband and a boyfriend?,Chandler,Neutral
What 'not work out'? I'm seeing her again on Thursday Didn't you listen to the story?,Chandler,Neutral
Well y'know I had some trouble with it at first too but the way I look at it is I get all the good,Chandler,Neutral
When I'm with a woman I need to know that I'm going out with more people than she is,Joey,Neutral
Look! I cleaned! I did the windows I did the floors I even used all the attachments on the vacuum except that little round one with the bristles I don't know what that's for,Rachel,Positive
Yeah yeah it's interesting but y'know what? Just for fun let's see what it looked like in the old spot Alright just to compare Let's see Well it looks good there too Let's just leave it there for a while,Monica,Neutral
Thank God you didn't try to fan out the magazines I mean she'll scratch your eyes right out,Chandler,Neutral
Yeah you are Monica Remember when I lived with you? You were like a little y'know Ree! Ree! Ree! Ree!,Phoebe,Neutral
Oh c'mon! When we were kids yours was the only Raggedy Ann doll that wasn't raggedy!,Ross,Neutral
Alright you madcap gal Try to imagine this The phone bill arrives but you don't pay it right away,Ross,Neutral
Because you're a kook! Instead you wait until they send you a notice,Ross,Neutral
Okay uh you let me go grocery shopping and I buy laundry detergent but it's not the one with the easypour spout,Rachel,Neutral
Someone's left a glass on the coffee table There's no coaster It's a cold drink it's a hot day Little beads of condensation are inching their way closer and closer to the surface of the wood,Chandler,Neutral
Uh huh uh huh oh my God! Okay! Okay I'll be there! He hangs up and to all That was my agent My agent has just gotten me a jobin the new Al Pacino movie!,Joey,Positive
Oh no it's terrific it's it's y'know you deserve this after all your years of struggling you've finally been able to crack your way into showbusiness,Chandler,Positive
You're right you're right it isSo you gonna invite us all to the big opening?,Ross,Neutral
He's in the bathroom I don't think you wanna go in there!,Monica,Neutral
Oh that would be Monica Hey listen I wanna borrow a coupla things Aurora spent the night I really wanna make her breakfast,Chandler,Neutral
Yeah well I only have twenty minutes until Ethan so y'know He starts to raid the fridge,Chandler,Neutral
No no resentment believe me it's worth it 'Kay? Y'know in a relationship you have these key moments that you know you'll remember for the rest of your life? Well every single second is like that with Aurora and I've just wasted about thirtyfive of them talking to you people so uh Monica can you help me with the door?,Chandler,Negative
Oh Well the way I see it the guy's upset here y'know? I mean his wife's dead his brother's missing I think his butt would be angry here,Joey,Neutral
I was going for quiet desperation But if you have to ask,Joey,Neutral
Why can't we just have what we have now? Why can't we just talk and laugh and make love without feeling obligated to one another and up until tonight I thought that's what you wanted too,Aurora,Positive
So which one of the two guys will you listen to?,Aurora,Neutral
Hey waitwait aren't you the guy that plays the butt in the new Al Pacino movie?,Monica,Neutral
Oh Joey you know what noone is gonna be able to tell,Rachel,Neutral
Doesn't matter I'll get 'em tomorrow Or not Whenever He goes to her room,Monica,Neutral
If it bothers you that much just go out and get the shoes No Don't do this This is stupid! I don't have to prove anything I'm gonna go get themBut then everyone will know Unless I get them and then wake up really early and put them back! I need help! She buries her head in her pillow Written,Monica,Neutral
Everybody? Shh shhh Uhhh Central Perk is proud to present the music of Miss Phoebe Buffay,Rachel,Neutral
Wow this is so cool you guys The entire city is blacked out!,Rachel,Neutral
Can I borrow the phone? I want to call my apartment and check on my grandma What's my number?,Phoebe,Neutral
Oh my God it's that Victoria's Secret model Something something Goodacre,Chandler,Neutral
She's right it's Jill Jill Goodacre Oh my God I am trapped in an ATM vestibule with Jill Goodacre! Is it a vestibule? Maybe it's an atrium Oh yeah that is the part to focus on you idiot!,Chandler,Neutral
Oh! Some guy Some guy 'Hey Jill I saw you with some guy last night Yes he was some guy,Chandler,Neutral
And officiating at tonight's blackout is Rabbi Tribbiani,Ross,Neutral
Eww look Ugly Naked Guy lit a bunch of candles,Phoebe,Negative
Alright alright alright It's been fourteen and a half minutes and you still have not said one word Oh God do something Just make contact smile!,Chandler,Neutral
Yeah about 300 guys I went to high school with Yeah thanks,Chandler,Neutral
Yeah I'm fine I'm trppd in an ATM vstbl wth Jll Gdcr,Chandler,Neutral
OK I'll go OK senior year of college on a pool table,Monica,Neutral
Disneyland 1989 'It's a Small World After All',Ross,Neutral
The ride broke down So Carol and I went behind a couple of those mechanical Dutch children then they fixed the ride and we were asked never to return to the Magic Kingdom,Ross,Negative
I just never had a relationship with that kind of passion you know where you have to have somebody right there in the middle of a theme park,Rachel,Neutral
There well see? Barry wouldn't even kiss me on a miniature golf course,Rachel,Negative
No he said we were holding up the people behind us,Rachel,Negative
I mean do you think there are people who go through life never having that kind of,Rachel,Neutral
I'm taking my time alright? I'm laying the groundwork Yeah I mean every day I get just a little bit closer to,Ross,Positive
I will I will See I'm waiting for the right moment What? What now?,Ross,Neutral
We're shushing because we're trying to hear something Listen Don't you hear that?,Ross,Neutral
New York City has no power and the milk is getting sour But to me it is not scary 'cause I stay away from dairy la la la la la la la she writes the lyrics down,Phoebe,Neutral
This is so typical I'm always the last one to know everything,Phoebe,Neutral
Yuhhuh! I was the last one to know when Chandler got bitten by the peacock at the zoo I was the last one to know when you had a crush on Joey when he was moving in Looks like I was second to last,Phoebe,Neutral
OK I have a question Well actually it's not so much a question as more of a general wondering ment,Ross,Neutral
OK Here goes For a while now I've been wanting to um,Ross,Neutral
Oh poor little Tooty is scared to death We should find his owner,Phoebe,Neutral
You know on second thought gum would be perfection Jill gives him a stick of gum and a strange look 'Gum would be perfection'? 'Gum would be perfection' Could have said 'gum would be nice' or 'I'll have a stick' but no no no no For me gum is perfection I loathe myself,Chandler,Negative
Oh Hi We just found this cat and we're looking for the owner Mr,Rachel,Neutral
Well the cat the cat turned out to be Paolo's cat!,Rachel,Neutral
Alright I looked all over the building and I couldn't find the kitty anywhere,Phoebe,Neutral
Ah! Well! There you go! Last to know again! And I'm guessing since nobody told me this is Paolo,Phoebe,Negative
Nice going imp OK it's OK All I need to do is reach over and put it in my mouth Chandler slyly grabs the gum from the wall and slides it back in his mouth,Chandler,Neutral
My God you're choking! she runs over and gives him the Heimlich the gum flies from his mouth That better?,Jill,Neutral
Oh my God you guys what am I doing? What am I doing? This is so unme!,Rachel,Negative
I know I just want to bite his bottom lip But I won't,Phoebe,Neutral
You know did you ride mopeds? 'Cause I've heard they stare at her oh I see it's not about that right now OK,Phoebe,Neutral
Chandler we've been here for an hour doing this! Now watch it's easy,Jill,Neutral
Oh look look look The last candle's about to burn out 10 9 8 7 negative 46 negative 47 negative 48 someone blows it out the room gets completely dark,Phoebe,Neutral
Hey Ross This probably isn't the best time to bring it up but you have to throw a party for Monica,Joey,Neutral
Yes Yes thanks for letting me use your phone and for saving my life,Chandler,Positive
Question You're not dating anybody are you because I met somebody who would be perfect for you,Shelley,Neutral
Well yeah! Oh God I just I thought Good Shelley I'm just gonna go flush myself down the toilet now Okay goodbye,Shelley,Negative
Couldn't enjoy a cup of noodles after that I mean is that ridiculous? Can you believe she actually thought that?,Chandler,Negative
Huh Did uh any of the rest of you guys think that when you first met me?,Chandler,Neutral
Nono me neither Although uh y'know back in college Susan Sallidor did,Ross,Neutral
No No it's just 'cause uh I kinda wanted to go out with her too so I told her actually you were seeing Bernie Spellman who also liked her so,Ross,Neutral
Oh oh a quality good because I was worried you guys were gonna be vague about this,Chandler,Neutral
Oh my God! Calling from Rome! Bon giorno caro mio,Rachel,Neutral
Monica your dad just beeped in but can you make it quick? Talking to Rome I'm talking to Rome,Rachel,Neutral
Me? I'm fine fine I'm glad you're here What's with your hair?,Mrs Geller,Neutral
Okay relax relax We are gonna be here for a while it looks like and we still have boyfriends and your career to cover,Ross,Neutral
The fuzzy little mints at the bottom of her purse,Monica,Neutral
Well at least she's with PopPop and Aunt Phyllis now,Ross,Positive
Y'know howhow the nurse said thatthat Nana had passed? Well she's not quite Mrs,Ross,Neutral
Yes Chandler that's exactly what it is It's your hair,Rachel,Neutral
Y'know I dunno who this is but it's not Debbie Hands back the pencil,Phoebe,Neutral
Well that doesn't mean she can't look nice! Mrs,Mrs Geller,Positive
And then we throw your body in the water Gee that does sound fun Mr,Monica,Neutral
No nono don't don't worry about it Believe me apparently other people have made the same mistake,Chandler,Neutral
Lowell? Financial Services' Lowell that's who you saw me with?,Chandler,Neutral
No! Uh I d'know! The point is if you were gonna set me up with someone I'd like to think you'd set me up with someone like him,Chandler,Neutral
Excuse me? You don't think I could get a Brian? Because I could get a Brian Believe you me I'm really not,Chandler,Neutral
You know whatever we pick she would've told us it's the wrong one Mrs,Aunt Lillian,Neutral
And where she's going everyone else'll be dressier? Aunt,Ross,Neutral
Okay I have nothing in an evening shoe in the burgundy I can show you something in a silver that may work Aunt,Ross,Neutral
Mom already called this morning to remind me not to wear my hair up Did you know my ears are not my best feature?,Monica,Neutral
Well don't we look nice all dressed up?It's stuff like that isn't it?,Chandler,Neutral
It really was Oh c'mere sweetheart Y'know I think it might be time for you to start using night cream,Mrs Geller,Positive
Nothing just your overcoat sounds remarkably like Brent Mussberger,Chandler,Neutral
I know uh the air thethe trees even though Nana's gone there's there's something almost uh I dunno almost lifeaff Not looking where he is going he falls into an open grave,Ross,Neutral
I'm fine Justjust having my worst fear realised,Ross,Negative
Here sweetie here I took these when I had my golfing accident,Mrs Geller,Negative
Not the first two but the second two woooo! I love you guys You guys are the greatest I love my sister I love Pheebs,Ross,Positive
And listen man if you wanna be gay be gay Doesn't matter to me,Ross,Positive
No I'd be hearing about 'Why didn't I get the honeyglazed ham?' I didn't spend enough on flowers and if I spent more she'd be saying 'Why are you wasting your money? I don't need flowers I'm dead',Mrs Geller,Negative
Do you know what it's like to grow up with someone who is critical of every single thing you say?,Mrs Geller,Negative
I'm telling you it's a wonder your mother turned out to be the positive lifeaffirming person that she is,Mrs Geller,Positive
No I think some things are better left unsaid I think it's nicer when people just get along,Mrs Geller,Neutral
Oh that's Nana right there in the middle 'Me and the gang at Java Joe's',Monica,Neutral
So how's it going there in Financial Services?,Chandler,Neutral
Good good Listen heh I dunno what Shelley told you about me but uh I'm not,Chandler,Neutral
Out of my league I could get a Brian If I wanted to get a Brian I could get a Brian Hey Brian,Chandler,Neutral
Rachel Rachel sweetheart You're a terrible terrible waitress Really really awful,Terry,Negative
Excuse me sir Hi you come in here all time I was just wondering do you think there's a possibility that you could give me an advance on my tips?,Rachel,Neutral
Ok ok that's fine Fine Hey I'm sorry about that spill before Only $9850 to go,Rachel,Neutral
And this from the cryforhelp department Are you wearing makeup?,Chandler,Neutral
That's so funny 'cause I was thinking you look more like Joey Tribbiani man slash woman,Chandler,Neutral
You know those posters for the city free clinic?,Joey,Neutral
Ok I'll tell you what How about I cook dinner at my place? I'll make it just like Mom's,Monica,Positive
You know they're not actually supposed to have Ross looks at her sheepishly I'll work on the lumps Joey you're going home right?,Monica,Neutral
And I assume Chandler you are still boycotting all the pilgrim holidays,Monica,Neutral
Yeah Rach are you thinking you're gonna make it to Vail?,Monica,Neutral
Ooh ooh Because she's my exwife and will probably want to bring her ooh ooh lesbian life partner,Ross,Neutral
Thanks Yeah Carol borrowed it for a class and I have to get it back to the museum,Ross,Neutral
Ok Wow you guys sure have a lot of books about bein' a lesbian,Ross,Neutral
The uh the baby that hasn't been born yet? Wouldn't that mean you're crazy?,Ross,Neutral
You're not serious I mean you really you really talk to it?,Ross,Neutral
Look if she's talking to it I just think that I should get some belly time too Not that I believe any of this,Ross,Neutral
I'd just like to say that I'm totally behind this experiment In fact I'd very much like to butter your head,Chandler,Neutral
No not even close Forget Vail forget seeing my family forget shoop shoop shoop,Rachel,Negative
Wait wait Chandler this is what you're havin' for Thanksgiving dinner? What what what is it with you and this holiday?,Rachel,Neutral
Yeah at Macy's You were the Obsession girl right? I was the Aramis guy Aramis? Aramis?,Joey,Neutral
I gotta tell you You're the best in the business,Joey,Positive
I'm serious You're amazing You know when to spritz when to lay back,Joey,Positive
Ooh you smell great tonight What're you wearing?,Joey,Positive
Listen uh you wanna go get a drink or something?,Joey,Neutral
Wait wait wait! Joey turns around and sees his face on a poster in the subway The poster,Joey,Neutral
No we were just laughing You know how laughter can be infectious,Phoebe,Neutral
I don't know It's just not the same without Mom in the kitchen,Ross,Negative
Hey Monica I got a question I don't see any tater tots,Joey,Negative
But my mom always makes them It's like a tradition You get a little piece of turkey on your fork a little cranberry sauce and a tot! It's bad enough I can't be with my family because of my disease,Joey,Negative
What Phoebe did you whip the potatoes? Ross needs lumps!,Monica,Neutral
The most unbelievable thing has happened Underdog has just gotten away,Chandler,Neutral
No no the actual cartoon character Of course the balloon It's all over the news Right before he reached Macy's he broke free and was spotted flying over Washington Square Park I'm goin' to the roof who's with me?,Chandler,Neutral
Come on An 80foot inflatable dog let loose over the city How often does that happen?,Chandler,Neutral
So don't do it it's fine You don't have to do it just because Susan does it,Carol,Neutral
I loved the moment when you first saw the giant dog shadow all over the park,Rachel,Positive
Ok right about now the turkey should be crispy on the outside juicy on the inside Why are we standing here?,Monica,Neutral
And everyone's telling me you gotta pick a major you gotta pick a major So on a dare I picked paleontology And you have no idea what I'm saying because let's face it you're a fetus You're just happy you don't have gills anymore,Ross,Neutral
Oh please I am not singing to your stomach ok?,Ross,Neutral
Shh! Here we come walkin' down the street get the funniest looks from everyone we meet Hey hey! Hey uh did you just feel that?,Ross,Neutral
Hey I got one keyhole and about a zillion keys You do the math,Joey,Neutral
Ooh ok that's it Enough with the keys No one say keys,Phoebe,Negative
Aside from the fact that you said you had them?,Rachel,Neutral
Ok Monica only dogs can hear you now so look the door's open Here we go,Chandler,Neutral
Here we come walkin' down the—this doesn't smell like Mom's,Ross,Neutral
Oh god this is great! The plane is gone so it looks like I'm stuck here with you guys,Rachel,Neutral
Oh really? So why was I busting my ass to make this delicious Thanksgiving dinner?,Monica,Negative
Ugly Naked Guy's taking his turkey out of the oven Oh my god He's not alone Ugly Naked Guy's having Thanksgiving dinner with Ugly Naked Gal,Phoebe,Neutral
Ok who wants light cheese and who wants dark cheese?,Chandler,Neutral
Come on you know Thanksgiving Ooh you got the bigger half What'd you wish for?,Phoebe,Neutral
I'd like to propose a toast Little toast here ding ding I know this isn't the kind of Thanksgiving that all of you all planned but for me this has been really great you know I think because it didn't involve divorce or projectile vomiting Anyway I was just thinking I mean if you'd gone to Vail and if you guys'd been with your family if you didn't have syphilis and stuff we wouldn't be all together you know? So I guess what I'm trying to say is that I'm very thankful that all of your Thanksgivings sucked,Chandler,Neutral
Yeah I mean it's been kinda quiet since Carol left so,Ross,Neutral
Nah I dunno I think you reach a certain age having a roommate is kinda pathe sorry that's that's 'pathet' which is Sanskrit for 'really cool way to live',Ross,Neutral
How could you not get it? You were Santa last year,Ross,Neutral
Hey do you guys know what you're doing for New Year's? They all protest and hit her with cushions Gee what?! What is wrong with New Year's?,Rachel,Neutral
Well for your information Paolo is gonna be in Rome this New Year so I'll be just as pathetic as the rest of you,Rachel,Negative
It's just that I'm sick of being a victim of this Dick Clark holiday I say this year no dates we make a pact Just the six of us dinner,Chandler,Negative
Y'know I was hoping for a little more enthusiasm,Chandler,Neutral
Okay hi Ladies and gentlemen back by popular demand Miss Phoebe Buffay Wooh!,Rachel,Positive
Well c'mon if it's important enough to discuss while I'm playing then I assume it's important enough for everyone else to hear!,Phoebe,Neutral
Sorry I wa I was just saying to my friend that I thought you were the most beautiful woman that I'd ever seen in my in my life And then he said that you said you thought,David,Neutral
Daryl Hannah was the most beautiful woman that he'd ever seen in his life and I said yeah I liked her in Splash a lot but not so much in in Wall Street I thought she had kind of a,David,Neutral
hard quality And uh while Daryl Hannah is beautiful in a conventional way you are luminous with a kind of a delicate grace Then uh thatthatthat's when you started yelling,David,Neutral
Hey that guy's going home with more than a note!,Joey,Neutral
Pheebs I can't believe he hasn't kissed you yet I mean God by my sixth date with Paolo I mean he had already named both my breasts! Ooh Did I just share too much?,Rachel,Neutral
David's like y'know Scientist Guy He's very methodical,Phoebe,Neutral
Me too! Oh! Did you ever see An Officer and a Gentleman?,Phoebe,Neutral
Well he's kinda like the guy I went to see that with Except except hehe's smarter and gentler and sweeter I just I just wanna be with him all the time Day and night and night and day and special occasions,Phoebe,Positive
I snapped okay? I couldn't handle the pressure and I snapped,Chandler,Negative
I'm not saying it was a good idea I'm saying I snapped!,Chandler,Negative
I didn't wanna leave him alone Alright? We we had our first fight this morning I think it has to do with my working late I said some things that I didn't mean and he he threw some faeces,Ross,Negative
Oh that'd be great! Okay but if you do make sure it seems like you're there to see him okay and you're not like doing it as a favour to me,Ross,Neutral
But you can't actually test this theory because today's particle accelerators are nowhere near powerful enough to simulate these conditions,David,Neutral
Uh that's definitely a uh valid question And uh the answer would be yes Yes I was But see I wanted it to be this phenomenal kiss that happened at this phenomenal moment because well 'cause it's you,David,Positive
Right But see the longer I waited the more phenomenal the kiss had to be and now we've reached a place where it's just gotta be one of those things where I just like sweep everything off the table and throw you down on it And uh I'm not really a uh sweeping sorta fella,David,Neutral
Okay okay okay Gets ready to sweep and then picks up a laptop computer Y'know what this was just really expensive Puts it down elsewhere Then picks up a microscope And I'll take this was a gift,David,Neutral
Okay what the hell what the hell Sweeps the remaining papers off the desk and grabs Phoebe You want me to actually throw you or youyou wanna just hop?,David,Neutral
So tell me something What does the phrase 'no date pact' mean to you?,Ross,Neutral
Okay so I'm gonna be the only one standing there alone when the ball drops?,Ross,Negative
Hey y'know this is so not what I needed right now,Ross,Negative
Oh it'sit's Marcel He keeps shutting me out y'know? He's walking around all the time dragging his hands,Ross,Negative
Well if you see him tell him to pack his bags We are going to Minsk,Max,Neutral
We got the grant Three years all expenses paid,Max,Positive
Tell her David 'I don't wanna go to Minsk and work with Lifson and Yamaguchi and Flench on nonononononono I wanna stay here and make out with my girlfriend!!',Max,Negative
Sandy! Hi! C'mon in! She enters followed by a young boy and a younger girlYou brought your kids,Joey,Neutral
'That thing'? This is how you greet guests at a party? Let me ask you something if I showed up here with my new girlfriend she wouldn't be welcome in your home?,Ross,Negative
Okay He was more embarrassed about that than anyone Okay? And for him to have the courage to walk back in here like nothing happened,Ross,Neutral
Oh my gosh! Rachel honey are you okay? Wherewhere's Paolo?,Monica,Negative
Y'know when I saw you at the store last week it was probably the first time I ever mentally undressed an elf,Sandy,Neutral
Look at him I'm not saying he has to spend the whole evening with me but at least check in,Ross,Neutral
Alright Janice that's it! Janice Janice Hey Janice when I invited you to this party I didn't necessarily think that it meant that we,Chandler,Neutral
It won't be the same but it'll still be Minsk Happy New Year,Max,Neutral
Yes I can Because if I go it means I have to break up with you and I can't break up with you,David,Negative
Hi this is Dick Clark live in Times Square We're in a virtual snowstorm of confetti here in Times Square,Dick Clark,Neutral
And then the peacock bit me Please kiss me at midnight,Chandler,Neutral
Ooh Uh I don't know how to tell you this but she's in Monica's bedroom getting it on with Max that scientist geek Ooh look at that I did know how to tell you,Chandler,Negative
Y'know I uh just thought I'd throw this out here I'm no math whiz but I do believe there are three girls and three guys right here,Chandler,Neutral
Nonono you can't kiss Ross that's your brother,Joey,Negative
Alright somebody kiss me Somebody kiss me it's midnight! Somebody kiss me!,Chandler,Neutral
I wanted this to work so much I mean I'm still in there changing his diapers pickin' his fleas but he's just phoning it in Just so hard to accept the fact that something you love so much doesn't love you back,Ross,Negative
Oh my God Phoebe Don't look now but behind us is a guy who has the potential to break our hearts and plunge us into a pit of depression,Monica,Negative
Why did I 'woohoo'? I mean what was I hoping would happen? Thatthat he'd turn round and say 'I love that sound I must have you now'?,Monica,Negative
I wish we at least knew his name Look at that face I mean even sleeping he looks smart I bet he's a lawyer,Monica,Neutral
Okay he's a lawyer who teaches sculpting on the side And he can dance!,Monica,Neutral
Are there no conscious men in the city for you two?,Chandler,Neutral
Y'know we don't have to watch this Weekend At Bernie's is on Showtime HBO and Cinemax,Chandler,Neutral
Chandler I gotta tell you I love your mom's books! I love her books! I cannot get on a plane without one! I mean this is so cool!,Rachel,Positive
C'mon Chandler I love your mom I think she's a blast,Ross,Positive
Now what is this about youyou being arrested iin London? What is that all about?,Jay Leno,Neutral
Alright so now you're doing this whole book tour thing how is that going? Mrs,Jay Leno,Neutral
Y'know don't take this wrong II just don't see you aas a mom somehow I don't mean that I don't mean that bad Mrs,Jay Leno,Neutral
What is this dive? Only you could've picked this place Mrs,Ross,Neutral
Hi! Sorry sorry we're late we uh kinda just y'know lost track of time,Rachel,Neutral
Oh please honey listen if I can do it anybody can You just start with half a dozen European cities throw in thirty euphemisms for male genitalia and bam! You have got yourself a book,Mrs Bing,Neutral
Yeah I'm fine I'm fine A woman emerges from the toilet behind him and he tries to pretend he was in the other one Mrs,Ross,Neutral
The girl on the cover with her nipples showing? Mrs,Ross,Neutral
The guy on the cover with his nipples showing? Mrs,Ross,Neutral
Okay uh about last night um Chandler you didn't tell Joey shakes his head Okay 'cause I'm thinking we don't need to tell Chandler I mean it was just a kiss right? One kiss? No big deal? Right?,Ross,Neutral
Yeah well you didn't call and leave your grip size,Joey,Neutral
I don't know God I well it's not like she's a regular mom y'know? She's she's sexy she's,Ross,Neutral
Okay I think we're getting into a weird area here,Ross,Neutral
I'm not really here Just thought I'd drop these offon the way my way Do you come here a lot? Without me?,Monica,Neutral
I spent the entire day with you why didn't you tell me?!,Chandler,Negative
Chandler I didn't kiss her he did! See what happens when you break the code?,Joey,Neutral
Yeah Thought I'd give it a shot I'm still on the first chapter Now do you think his 'love stick can be liberated from its denim prison'?,Rachel,Neutral
Okay maybe it was a trick question Um Rachel can we do this now?,Phoebe,Neutral
Now here's a picture of my mother and father on their wedding day Now you tell me she's not a knockout,Joey,Positive
C'mon! Just try to picture her not pregnant that's all,Joey,Neutral
Yeah I believe I was talking to Joey alright there MotherKisser?,Chandler,Neutral
Chandler can I just say something? II know you're still mad at me I just wanna say that there were two people there that night Okay? Two sets of lips,Ross,Neutral
Okay well if she always behaves like this why don't you say something?,Ross,Neutral
No! Okay you mean you're not gonna talk to her you're not gonna tell her how you feel?,Ross,Neutral
Okay 'you' can't or you can't? Chandler grabs his finger Okay that's my finger That's that's my knee Still doing the play Aaah!,Ross,Neutral
"Oh I don't know Maybe um ""That was nice?"" Admit something to me? ""I'll call you?"" Coma",Monica,Neutral
Y'know what? We thought you were different But I guess it was just the coma Mrs,Phoebe,Negative
No just knowing you're gonna be there is enough Mrs,Chandler,Positive
You kissed my best Ross! Or something to that effect Mrs,Chandler,Neutral
Shh He did it He told her off and not just about the kiss about everything,Joey,Positive
"No no He said ""When are you gonna grow up and start being a mom?""",Joey,Neutral
"Then she came back with ""The question is when are you gonna grow up and realise I have a bomb?""",Joey,Neutral
I dunno I've been standing here spelling it out for you! Goes back to the door I don't hear anything Oh wait wait wait,Joey,Neutral
Okay Now this is just the first chapter and I want your absolute honest opinion Oh oh and on page two he's not 'reaching for her heaving beasts',Rachel,Neutral
Wait did you get to the part about his 'huge throbbing pens'? Tell ya you don't wanna be around when he starts writing with those!,Ross,Negative
Aunt Syl stop yelling! All I'm saying is that if you had told me vegetarian lasagna I would have made vegetarian lasagna pauses listens to person on phone Well the meat's only every third layer maybe you could scrape,Monica,Neutral
Yup! You could plunk me down in the middle of any woman's uterus no compass and I can find my way out of there like that!,Ross,Neutral
Aunt Syl I did this as a favor I am not a caterer What do you want me to do with a dozen lasagnas? Nice talk Aunt Syl You kiss Uncle Freddie with that mouth?,Monica,Negative
Honey you can say it Poconos Poconos it's like Poconos touching Paolo's nose with forefinger with each syllable,Rachel,Neutral
Yes my sister's giving us her place for the weekend,Rachel,Neutral
I mean we are way past the fling thing I mean I am feeling things that I've only read about in Danielle Steele books you know? I mean when I'm with him I'm totally totally,Rachel,Positive
I love babies with their little baby shoes and their little baby toes and their little baby hands,Joey,Positive
Oh great! Is it vegetarian 'cause Susan doesn't eat meat,Carol,Neutral
The sex? Um I'm having enough trouble with the image of you and Susan together when you throw in Tanya miming washing hair that's the best I could think of yaw,Ross,Neutral
No no no no no I don't want to know absolutely not I think you know I think you should know until you look down there and say oop there it is! Or isn't,Ross,Neutral
Ok what whatok what did we think it was going to be? Carol and,Ross,Neutral
No no no I don't want to know don't want to know Ok you know I should probably I should probably just go,Ross,Neutral
No problem ok mmmwa oh mmmwa kisses Carol's stomach then punches Susan's shoulder Susan,Ross,Neutral
Ok so it's just because it was my table I have to buy a new one?,Chandler,Neutral
What rule? There's no rule if anything you owe me a table!,Chandler,Negative
Well I believe the piece of furniture was fine until your little breakfast adventure with Angela Delvecchio,Chandler,Neutral
Well let's just say the impressions you made in the butter left little to the imagination,Chandler,Negative
You think we're ready for something like that?,Chandler,Neutral
Well it's a pretty big commitment I mean what if one of us wants to move out?,Chandler,Neutral
Yeah yeah it's just that with my last roommate Kip,Chandler,Neutral
It's just that we bought a hibachi together and then he ran off and got married and things got pretty ugly,Chandler,Negative
Oh okay I don't know what you just said so let's get started,Phoebe,Neutral
Um that's really your decision I mean some people prefer you know to take offoh whoops! You're being naked!,Phoebe,Neutral
Carol called me to thank me for the lasagna I asked she told me,Monica,Neutral
Wait—oh—hey—huh oh great now he knows and I don't know!,Ross,Negative
Well he came in for a massage and everything was fine until Joey and,Phoebe,Neutral
Oh yeah I'm sure And all of a sudden his hands weren't the problem anymore Flashback,Phoebe,Negative
You have to tell her! You have to tell her! It's your moral obligation as a friend as a woman I think it's a feminist issue! Guys? Guys? waiting for guys to chime in,Ross,Neutral
Oh so forget about the birds but big red insects suggest fine dining!,Chandler,Neutral
Not like that I won't! Kip would have liked the birds! Joey turns and gives Chandler a dirty look,Chandler,Neutral
No these aren't all my suitcases picks up small blue suitcase and shows to Phoebe This one's Paolo's,Rachel,Neutral
Well surejust a sec though 'cause Paolo's on his way over,Rachel,Neutral
Ok thanks Pheebs takes bite of cookie overwhelmed Oh my God why have I never tasted these before?!,Rachel,Positive
All right well you're right these are the best oatmeal cookies I've ever had,Rachel,Positive
Who cares we'll eat at the sink! Come on let's play!,Joey,Positive
Oh but he was my pig manhow did I not see this?,Rachel,Negative
No no trust me it's it's it's much better that I know Uh I just liked it better before it was better,Rachel,Neutral
We should get over there and see if she's okay switching places with Ross Just onesecond! Score! Game! Come on,Monica,Positive
Nono she kicked our butts You could be on the Olympic standingthere team,Joey,Neutral
What are you still doing here? She just broke up with the guy it's time for you to swoop in!,Chandler,Negative
Yes now is when you swoop! You gotta make sure that when Paolo walks out of there the first guy Rachel sees is you She's gotta know that you're everything he's not! You're like like the antiPaolo!,Joey,Positive
"Don't stare Now she just finished throwing his clothes off the balcony now there's just a lot of gesturing and armwaving shows Rachel gesturing with hands in front of her chest Ok that is either ""How could you?"" or ""Enormous breasts!"" Here he comes!",Monica,Neutral
Paolo I really hate you for what you did to Rachel hands him a lasagna but I still have five of these so heat it at 375 until the cheese bubbles,Monica,Neutral
Paolo II just want to tell you and I think I speak for everyone when I say,Ross,Neutral
Oh you guys II really think just one of us should go out there so she's not overwhelmed,Ross,Neutral
I am so sick of guys I don't want to look at another guy I don't want to think about another guy I don't even want to be near another guy,Rachel,Negative
No I just need to be by myself for a while you know? I just got to figure out what I want,Rachel,Neutral
No I know I know and I'm sure your little boy is not going to grow up to be one,Rachel,Neutral
Where are you guys going? Come on one more game!,Monica,Positive